id,name,initial,image_filename
1,奥迪,A,b1.jpg
2,阿斯顿・马丁,A,b2.jpg
3,阿尔法・罗密欧,A,b3.jpg
4,AC Schnitzer,A,b4.jpg
5,本田,B,b5.jpg
6,别克,B,b6.jpg
7,宝马,B,b7.jpg
8,比亚迪,B,b8.jpg
9,奔驰,B,b9.jpg
10,标致,B,b10.jpg
11,保时捷,B,b11.jpg
12,奔腾,B,b12.jpg
13,北京汽车,B,b13.jpg
14,北汽制造,B,b14.jpg
15,宝骏,B,b15.jpg
16,宾利,B,b16.jpg
17,北汽威旺,B,b17.jpg
18,布加迪,B,b18.jpg
19,巴博斯,B,b19.jpg
20,保斐利,B,b20.jpg
21,长安轿车,C,b21.jpg
22,长城,C,b22.jpg
23,长安商用,C,b23.jpg
24,昌河,C,b24.jpg
25,大众,D,b25.jpg
26,东风风行,D,b26.jpg
27,东南,D,b27.jpg
28,东风小康,D,b28.jpg
29,道奇,D,b29.jpg
30,东风风神,D,b30.jpg
31,DS,D,b31.jpg
32,东风风度,D,b32.jpg
33,东风,D,b33.jpg
34,大通,D,b34.jpg
35,福特,F,b35.jpg
36,丰田,F,b36.jpg
37,菲亚特,F,b37.jpg
38,法拉利,F,b38.jpg
39,福田,F,b39.jpg
40,福迪,F,b40.jpg
41,飞驰商务车,F,b41.jpg
42,菲斯克,F,b42.jpg
43,弗那萨利,F,b43.jpg
44,广汽传祺,G,b44.jpg
45,广汽吉奥,G,b45.jpg
46,观致,G,b46.jpg
47,GMC,G,b47.jpg
48,光冈,G,b48.jpg
49,广汽日野,G,b49.jpg
50,哈弗,H,b50.jpg
51,海马,H,b51.jpg
52,华泰,H,b52.jpg
53,红旗,H,b53.jpg
54,海马商用车,H,b54.jpg
55,黄海,H,b55.jpg
56,哈飞,H,b56.jpg
57,海格,H,b57.jpg
58,恒天汽车,H,b58.jpg
59,汇众,H,b59.jpg
60,江淮,J,b60.jpg
61,Jeep,J,b61.jpg
62,吉利全球鹰,J,b62.jpg
63,吉利帝豪,J,b63.jpg
64,捷豹,J,b64.jpg
65,吉利英伦,J,b65.jpg
66,江铃,J,b66.jpg
67,金杯,J,b67.jpg
68,江南,J,b68.jpg
69,金龙联合,J,b69.jpg
70,九龙,J,b70.jpg
71,金旅客车,J,b71.jpg
72,俊风,J,b72.jpg
73,凯迪拉克,K,b73.jpg
74,克莱斯勒,K,b74.jpg
75,开瑞,K,b75.jpg
76,科尼塞克,K,b76.jpg
77,卡尔森,K,b77.jpg
78,铃木,L,b78.jpg
79,路虎,L,b79.jpg
80,雷克萨斯,L,b80.jpg
81,力帆,L,b81.jpg
82,兰博基尼,L,b82.jpg
83,陆风,L,b83.jpg
84,雷诺,L,b84.jpg
85,猎豹汽车,L,b85.jpg
86,劳斯莱斯,L,b86.jpg
87,林肯,L,b87.jpg
88,莲花,L,b88.jpg
89,理念,L,b89.jpg
90,路特斯,L,b90.jpg
91,蓝海房车,L,b91.jpg
92,马自达,M,b92.jpg
93,MG,M,b93.jpg
94,MINI,M,b94.jpg
95,迈巴赫,M,b95.jpg
96,玛莎拉蒂,M,b96.jpg
97,迈凯伦,M,b97.jpg
98,摩根,M,b98.jpg
99,美亚,M,b99.jpg
100,纳智捷,N,b100.jpg
101,讴歌,O,b101.jpg
102,欧宝,O,b102.jpg
103,欧朗,O,b103.jpg
104,起亚,Q,b104.jpg
105,奇瑞,Q,b105.jpg
106,启辰,Q,b106.jpg
107,庆铃,Q,b107.jpg
108,日产,R,b108.jpg
109,荣威,R,b109.jpg
110,瑞麒,R,b110.jpg
111,三菱,S,b111.jpg
112,斯柯达,S,b112.jpg
113,斯巴鲁,S,b113.jpg
114,双龙,S,b114.jpg
115,北汽绅宝,B,b115.jpg
116,Smart,S,b116.jpg
117,双环,S,b117.jpg
118,世爵,S,b118.jpg
119,泰赫雅特,T,b119.jpg
120,TESLA,T,b120.jpg
121,五菱,W,b121.jpg
122,沃尔沃,W,b122.jpg
123,威麟,W,b123.jpg
124,威兹曼,W,b124.jpg
125,现代,X,b125.jpg
126,雪佛兰,X,b126.jpg
127,雪铁龙,X,b127.jpg
128,西雅特,X,b128.jpg
129,星客特,X,b129.jpg
130,新凯,X,b130.jpg
131,一汽,Y,b131.jpg
132,英菲尼迪,Y,b132.jpg
133,野马汽车,Y,b133.jpg
134,永源,Y,b134.jpg
135,依维柯,Y,b135.jpg
136,扬州亚星客车,Y,b136.jpg
137,中华,Z,b137.jpg
138,众泰,Z,b138.jpg
139,中兴,Z,b139.jpg
140,中欧,Z,b140.jpg
141,中通客车,Z,b141.jpg
142,大迪汽车,D,b142.jpg
143,吉利,J,b143.jpg
144,宝龙,B,b144.jpg
145,悍马,H,b145.jpg
146,华普,H,b146.jpg
147,华翔富奇,H,b147.jpg
148,新雅途,X,b148.jpg
149,萨博,S,b149.jpg
150,天马,T,b150.jpg
151,新大地,X,b151.jpg
152,中客华北,Z,b152.jpg
153,罗孚,L,b153.jpg
154,中顺,Z,b154.jpg
155,夏利,X,b155.jpg
156,北汽幻速,B,b156.jpg
157,凯翼,K,b157.jpg
158,卡威,K,b158.jpg
159,英致,Y,b159.jpg
160,华颂,H,b160.jpg
162,福汽启腾,F,b162.jpg
163,五十铃,W,b163.jpg
